PC,ExplainedVar_%,CumulativeVar_%
PC1,45.870824141778584,45.870824141778584
PC2,32.63878195742691,78.5096060992055
PC3,21.490393900794494,99.99999999999999
